INSERT INTO admin VALUES("XAVIER","123","xavier@hotmail.com");
INSERT INTO admin VALUES("YONG HONG","123","yonghong@hotmail.com");
INSERT INTO admin VALUES("SARAH","123","sarah@hotmail.com");
INSERT INTO admin VALUES("KELVIN","123","kelvin@hotmail.com");
INSERT INTO admin VALUES("SHAINE","123","shaine@hotmail.com");

INSERT INTO member VALUES("XAVIER","123","xavier@hotmail.com");
INSERT INTO member VALUES("YONG HONG","123","yonghong@hotmail.com");
INSERT INTO member VALUES("SARAH","123","sarah@hotmail.com");
INSERT INTO member VALUES("KELVIN","123","kelvin@hotmail.com");
INSERT INTO member VALUES("SHAINE","123","shaine@hotmail.com");

INSERT INTO restaurant VALUES("MacDonald", "Kent Ridge Hill", "South","Fast Food","Fast Food", "6577 7788",DEFAULT,"2011-12-12 14:13:12");
INSERT INTO restaurant VALUES("MacDonald", "383 Bukit Timah Road", "Central","Fast Food","Fast Food", "6887 4961",DEFAULT, "2012-10-08 08:22:32");
INSERT INTO restaurant VALUES("MacDonald", "176 Orchard Road", "Central","Fast Food","Fast Food", "6235 6730",DEFAULT,"2010-11-04 11:00:32");
INSERT INTO restaurant VALUES("MacDonald", "Forumn Shopping Mall", "Central","Fast Food","Fast Food", "6738 5528",DEFAULT,"2012-05-11 00:12:22");
INSERT INTO restaurant VALUES("MacDonald", "Bukit Batok Central", "WEST","Fast Food","Fast Food", "6577 7788",DEFAULT,"2011-11-11 11:11:11");
INSERT INTO restaurant VALUES("MacDonald", "Bukit Batok East Avenue 4", "WEST","Fast Food","Fast Food", "6577 7788",DEFAULT,"2012-08-02 23:36:12");
INSERT INTO restaurant VALUES("MacDonald", "Blk 445 Bedok North", "East","Fast Food","Fast Food", "6577 7788",DEFAULT,"2012-12-06 12:32:52");
INSERT INTO restaurant VALUES("MacDonald", "1378 Ang Mo Kio Ave 1", "North","Fast Food","Fast Food", "6577 7788",DEFAULT,"2012-03-12 16:16:16");
INSERT INTO restaurant VALUES("Lerk Thai", "Orchard Hill Street", "Central","Thai","Restaurant", "6577 7788",DEFAULT,"2012-04-12 06:12:32");
INSERT INTO restaurant VALUES("CARNIVAL", "VIVO CITY #01-01", "South","Western","Buffet", "6577 7788",DEFAULT,"2012-12-13 12:44:44");
INSERT INTO restaurant VALUES("KFC", "WOODLAND POINT", "North","Western","Fast Food", "6577 7788",DEFAULT,"2012-02-22 12:12:12");
INSERT INTO restaurant VALUES("KFC", "COMPASS POINT", "North","Western","Fast Food", "6577 7788",DEFAULT,"2012-02-27 12:12:12");
INSERT INTO restaurant VALUES("KFC", "NOVENA SQUARE", "Central","Western","Fast Food", "6577 7788",DEFAULT,"2012-10-10 12:10:10");
INSERT INTO restaurant VALUES("KFC", "23 Serangoon Central", "East","Western","Fast Food", "6577 7788",DEFAULT,"2012-12-13 12:13:13");
INSERT INTO restaurant VALUES("FOREST", "PUNGGOL PLAZA", "East","Western","Fast Food", "6577 7788",DEFAULT,"2012-12-17 17:17:12");
INSERT INTO restaurant VALUES("DIN TAI FENG", "Kent Ridge Hill", "South","Western","Fast Food", "6577 7788",DEFAULT,"2012-12-16 12:16:16");
INSERT INTO restaurant VALUES("Subway", "Kent Ridge Hill", "WEST","Western","Fast Food", "6577 7788",DEFAULT,"2012-12-17 12:17:17");
INSERT INTO restaurant VALUES("Subway", "ORCHARD HOTEL S.C", "Central","Western","Fast Food", "6735 1102",DEFAULT,"2010-12-12 12:12:13");
INSERT INTO restaurant VALUES("Subway", "SINGAPORE FLYER", "Central","Western","Fast Food", "6333 9725",DEFAULT,"2011-11-12 12:00:57");
INSERT INTO restaurant VALUES("Subway", "313@SOMERSET", "Central","Western","Fast Food", "6836 5295",DEFAULT,"2012-05-12 23:59:58");
INSERT INTO restaurant VALUES("Subway", "RAFFLES CITY", "Central","Western","Fast Food", "6338 3886",DEFAULT,"2012-01-11 12:13:52");
INSERT INTO restaurant VALUES("Subway", "CHEVRON HOUSE", "Central","Western","Fast Food", "6533 5689",DEFAULT,"2011-11-26 02:32:48");
INSERT INTO restaurant VALUES("Subway", "REPUBLIC PLAZA", "Central","Western","Fast Food", "6533 3064",DEFAULT,"2011-12-12 12:19:11");
INSERT INTO restaurant VALUES("Subway", "ION ORCHARD", "Central","Western","Fast Food", "6634-9665",DEFAULT,"2012-10-06 08:52:12");
INSERT INTO restaurant VALUES("Au Petit Salut", "40C Harding Road", "Central","French","Restaurant", "6634 9665",DEFAULT,"2012-10-11 15:12:15");
INSERT INTO restaurant VALUES("E Clat Gourmet", "63 Mohamed Sultan Road", "Central","French","Restaurant", "6634 9665",DEFAULT,"2012-12-17 16:12:17");
INSERT INTO restaurant VALUES("Camille Patisserie", "137 Amoy Street", "Central","French","Restaurant", "6557 0760",DEFAULT,"2012-12-18 12:55:16");
INSERT INTO restaurant VALUES("Ippudo", "333A Orchard Road", "Central","Japanese","Restaurant", "6557 0760",DEFAULT,"2012-12-15 12:47:11");

INSERT INTO restaurant VALUES("Sakae Sushi", "60 Airport Boulevard", "East","Japanese","Restaurant", "6546 5383",DEFAULT,"2012-12-13 12:32:12");
INSERT INTO restaurant VALUES("Sakae Sushi", "302 Tiong Bahru Road", "East","Japanese","Restaurant", "6377 5249",DEFAULT,"2012-12-24 12:42:12");
INSERT INTO restaurant VALUES("Dozo Restaurant", "491 River Valley Road", "Central","Japanese","Restaurant", "6557 0760",DEFAULT,"2012-10-12 12:10:10");
INSERT INTO restaurant VALUES("Ajisen Ramen", "21 Choa Chu Kang Avenue 4", "North","Japanese","Restaurant", "6557 0760",DEFAULT,"2012-12-13 12:13:13");
INSERT INTO restaurant VALUES("Ajisen Ramen", "5 Changi Business Park Central 1", "East","Japanese","Restaurant", "6557 0760",DEFAULT,"2012-12-16 16:12:16");
INSERT INTO restaurant VALUES("Akashabu", "5 Stadium Walk", "East","Japanese","Restaurant", "6346 3868",DEFAULT,"2012-12-17 12:17:17");
INSERT INTO restaurant VALUES("Peperoni Pizzeria", "6 Greenwood Avenue", "East","Italian","Cafe", "6465 6556",DEFAULT,"2012-12-28 12:18:18");
INSERT INTO restaurant VALUES("Al Forno", "400 East Coast Road", "East","Italian","Restaurant", "6681 6611",DEFAULT,"2012-11-12 12:11:11");
INSERT INTO restaurant VALUES("Gelatissimo", "350 Orchard Road", "Central","Italian","Cafe", "6681 6611",DEFAULT,"2012-12-13 13:21:12");
INSERT INTO restaurant VALUES("ThaiExpress", "1 Raffles Link", "Central","Thai","Restaurant", "6884 4168",DEFAULT,"2012-12-22 12:22:22");
INSERT INTO restaurant VALUES("Siam Kitchen", "21 Choa Chu Kang Avenue 4", "North","Thai","Restaurant", "6884 4168",DEFAULT,"2012-12-30 12:32:32");
INSERT INTO restaurant VALUES("Thai Thai", "1 Raffles Link", "Central","Thai","Restaurant", "6884 4168",DEFAULT,"2012-12-13 12:03:33");
INSERT INTO restaurant VALUES("ThaiExpress", "8 Raffles Avenue", "Central","Thai","Restaurant", "6884 4168",DEFAULT,"2012-04-14 12:24:14");
INSERT INTO restaurant VALUES("Tawandang Microbrewery", "26 Dempsey Road", "Central","Thai","Restaurant", "6884 4168",DEFAULT,"2012-12-14 10:15:16");
INSERT INTO restaurant VALUES("ThaiExpress", "1 Harbourfront Walk", "WEST","Thai","Restaurant", "6884 4168",DEFAULT,"2012-12-14 03:12:32");
INSERT INTO restaurant VALUES("Wala Wala", "31 Lorong Mambong", "WEST","Western","Bar", "6884 4168",DEFAULT,"2012-12-24 12:16:13");
INSERT INTO restaurant VALUES("Hard Rock Cafe", "50 Cuscaden Road", "Central","Western","Bar", "6235 6256",DEFAULT,"2012-12-02 02:12:02");
INSERT INTO restaurant VALUES("Crazy Elephant", "3E River Valley Road", "Central","Western","Bar", "6235 6256",DEFAULT,"2011-12-12 10:12:10");
INSERT INTO restaurant VALUES("2D1N Soju Bang", "44/46 Tanjong Pagar Road", "Central","Korean","Restaurant", "6235 6256",DEFAULT,"2011-11-12 06:12:16");
INSERT INTO restaurant VALUES("Doong Ji Korean Restaurant", "222 East Coast Road", "East","Korean","Restaurant", "6235 6256",DEFAULT,"2012-06-12 05:13:42");
INSERT INTO restaurant VALUES("Cahaya Murni Halal Muslim Food", "14 Scotts Road", "Central","Halal","Restaurant", "6235 6256",DEFAULT,"2010-11-12 12:15:15");
INSERT INTO restaurant VALUES("Air Pasang Nasi Campur & Halal Seafood", "374 Bukit Batok Street 31", "North","Halal","Food Court", "6235 6256",DEFAULT,"2012-05-15 12:52:42");
INSERT INTO restaurant VALUES("Choo Zai Zai Vegetarian Food", "79/79A Circuit Road", "East","Halal","Food Court", "6235 6256",DEFAULT,"2012-07-22 12:42:42");



INSERT INTO submit_entry VALUES("xavier@hotmail.com", "2012-10-20 13:23:44","MacDonald", "Kent Ridge Hill");
INSERT INTO submit_entry VALUES("yonghong@hotmail.com", "2012-10-20 14:22:24","Lerk Thai", "Orchard Hill STREET");
INSERT INTO submit_entry VALUES("sarah@hotmail.com", "2012-10-20 11:24:41","CARNIVAL", "VIVO CITY #01-01");
INSERT INTO submit_entry VALUES("kelvin@hotmail.com", "2012-10-20 10:26:47","FOREST", "PUNGGOL PLAZA");
INSERT INTO submit_entry VALUES("shaine@hotmail.com", "2012-10-20 13:50:48","Subway", "Kent Ridge Hill");

INSERT INTO review VALUES('5', '20.50', "Not bad. Nice!", "xavier@hotmail.com", "DIN TAI FENG", "Kent Ridge Hill", "2012-11-11 13:23:24");
INSERT INTO review VALUES('4', '5.00', "Poor service and environment", "xavier@hotmail.com","MacDonald","383 Bukit Timah Road", "2012-8-2 11:26:15");
INSERT INTO review VALUES('3', '5.00', "Unattending staff who are not friendly", "xavier@hotmail.com","MacDonald","176 Orchard Road", "2012-8-5 17:22:35");
INSERT INTO review VALUES('2', '5.00', "Poor serving attitude of staff", "xavier@hotmail.com","MacDonald","Forumn Shopping Mall", "2012-8-8 18:26:25");
INSERT INTO review VALUES('1', '5.00', "Very poor service and food", "xavier@hotmail.com","MacDonald","Bukit Batok Central", "2012-8-23 12:29:43");
INSERT INTO review VALUES('6', '5.00', "I love this place!", "xavier@hotmail.com","MacDonald","Blk 445 Bedok North", "2012-8-26 15:36:12");
INSERT INTO review VALUES('7', '5.00', "Dont mind going back here!", "xavier@hotmail.com","MacDonald","1378 Ang Mo Kio Ave 1", "2012-8-28 17:32:21");
INSERT INTO review VALUES('8', '10.00', "Enjoyed my meal there", "xavier@hotmail.com","Lerk Thai","Orchard Hill Street", "2012-9-1 19:42:32");
INSERT INTO review VALUES('9', '8.00', "Awesome food!", "xavier@hotmail.com","CARNIVAL","VIVO CITY #01-01", "2012-9-5 21:37:12");
INSERT INTO review VALUES('7', '5.00', "I love the food!", "xavier@hotmail.com","KFC","WOODLAND POINT", "2012-9-8 11:02:57");
INSERT INTO review VALUES('5', '5.00', "Bring your friends here!", "xavier@hotmail.com","KFC","COMPASS POINT", "2012-9-14 16:23:31");
INSERT INTO review VALUES('6', '5.00', "Good place to visit and relax", "xavier@hotmail.com","KFC","NOVENA SQUARE", "2012-9-19 10:43:21");
INSERT INTO review VALUES('7', '5.00', "Perfect place to chill with friends", "xavier@hotmail.com","KFC","23 Serangoon Central", "2012-10-21 10:26:52");
INSERT INTO review VALUES('8', '11.00', "Highly recommended place for meals", "xavier@hotmail.com","Forest","PUNGGOL PLAZA", "2012-10-22 12:38:44");
INSERT INTO review VALUES('6', '7.00', "A good place to recommend", "xavier@hotmail.com","Subway","ORCHARD HOTEL S.C", "2012-10-26 14:40:12");
INSERT INTO review VALUES('3', '7.00', "Bad ambience", "xavier@hotmail.com","Subway","SINGAPORE FLYER", "2012-10-27 15:41:42");
INSERT INTO review VALUES('5', '7.00', "Average place", "xavier@hotmail.com","Subway","313@SOMERSET", "2012-10-27 12:51:12");
INSERT INTO review VALUES('6', '7.00', "Would come back again", "xavier@hotmail.com","Subway","RAFFLES CITY", "2012-11-1 17:56:32");
INSERT INTO review VALUES('3', '7.00', "Dont come here", "xavier@hotmail.com","Subway","CHEVRON HOUSE", "2012-11-2 18:39:46");
INSERT INTO review VALUES('4', '7.00', "Bad attitude of staff", "xavier@hotmail.com","Subway","REPUBLIC PLAZA", "2012-11-3 19:22:42");
INSERT INTO review VALUES('7', '7.00', "Good Atmosphere!", "xavier@hotmail.com","Subway","ION ORCHARD", "2012-11-4 20:21:12");
INSERT INTO review VALUES('7', '7.50', "Value for money", "xavier@hotmail.com","Au Petit Salut","40C Harding Road", "2012-11-5 21:17:12");
INSERT INTO review VALUES('8', '15.00', "Bring your friends here!", "xavier@hotmail.com","E Clat Gourmet","63 Mohamed Sultan Road", "2012-11-5 22:16:45");
INSERT INTO review VALUES('6', '9.00', "Acceptable service", "xavier@hotmail.com","Camille Patisserie","137 Amoy Street", "2012-11-6 20:43:10");
INSERT INTO review VALUES('7', '14.00', "Good environment and ambience", "xavier@hotmail.com","Ippudo","333A Orchard Road", "2012-11-6 16:33:26");

INSERT INTO review VALUES('7', '21.50', "Nice sia!", "xavier@hotmail.com", "Choo Zai Zai Vegetarian Food", "79/79A Circuit Road", "2012-11-11 13:25:44");
INSERT INTO review VALUES('8', '11.50', "good!", "xavier@hotmail.com", "Air Pasang Nasi Campur & Halal Seafood", "374 Bukit Batok Street 31", "2012-11-11 14:27:44");
INSERT INTO review VALUES('8', '11.50', "good food!", "xavier@hotmail.com", "Cahaya Murni Halal Muslim Food", "14 Scotts Road", "2012-12-11 14:27:44");
INSERT INTO review VALUES('2', '51.50', "lousy food!", "xavier@hotmail.com", "Doong Ji Korean Restaurant", "222 East Coast Road", "2012-12-21 14:17:44");
INSERT INTO review VALUES('7', '22.50', "Nice BBQ will come here again!", "xavier@hotmail.com", "2D1N Soju Bang", "44/46 Tanjong Pagar Road", "2012-12-24 11:37:44");
INSERT INTO review VALUES('3', '21.20', "the service was bad!", "xavier@hotmail.com", "Crazy Elephant", "3E River Valley Road", "2012-12-25 11:22:11");
INSERT INTO review VALUES('6', '16.90', "Food was ok", "xavier@hotmail.com", "Hard Rock Cafe", "50 Cuscaden Road", "2012-12-26 12:22:11");
INSERT INTO review VALUES('6', '5.90', "Will patronize this place again", "xavier@hotmail.com", "Wala Wala", "31 Lorong Mambong", "2012-12-27 12:42:11");
INSERT INTO review VALUES('3', '17.90', "Food is so lousy", "xavier@hotmail.com", "ThaiExpress", "1 Harbourfront Walk", "2012-11-27 09:42:11");
INSERT INTO review VALUES('4', '22.90', "Food was below average", "xavier@hotmail.com", "Tawandang Microbrewery", "26 Dempsey Road", "2012-11-27 09:33:11");
INSERT INTO review VALUES('5', '14.90', "Food was average", "xavier@hotmail.com", "ThaiExpress", "8 Raffles Avenue", "2012-11-27 09:57:11");
INSERT INTO review VALUES('6', '5.90', "Food is nice but rooms for improvement", "xavier@hotmail.com", "Thai Thai", "1 Raffles Link", "2012-11-27 09:43:11");
INSERT INTO review VALUES('7', '7.80', "Food was very nice", "xavier@hotmail.com", "Siam Kitchen", "21 Choa Chu Kang Avenue 4", "2012-11-28 09:23:11");
INSERT INTO review VALUES('8', '13.90', "Food was worthwhile", "xavier@hotmail.com", "ThaiExpress", "1 Raffles Link", "2012-11-30 09:42:11");
INSERT INTO review VALUES('9', '17.80', "The most delicious food i have ever ate", "xavier@hotmail.com", "Gelatissimo", "350 Orchard Road", "2012-11-29 03:22:11");
INSERT INTO review VALUES('1', '24.90', "the most lousy food i have ever ate!", "xavier@hotmail.com", "Al Forno", "400 East Coast Road", "2012-11-12 11:11:44");
INSERT INTO review VALUES('3', '22.90', "lots of improvement!", "xavier@hotmail.com", "Peperoni Pizzeria", "6 Greenwood Avenue", "2012-11-12 13:33:44");
INSERT INTO review VALUES('4', '21.50', "Taste ok  but can improve!", "xavier@hotmail.com", "Akashabu", "5 Stadium Walk", "2012-11-20 13:08:44");
INSERT INTO review VALUES('5', '3.90', "Mediocre dish !", "xavier@hotmail.com", "Ajisen Ramen", "5 Changi Business Park Central 1", "2012-12-11 11:25:44");
INSERT INTO review VALUES('6', '12.50', "Cheap and nice!", "xavier@hotmail.com", "Ajisen Ramen", "21 Choa Chu Kang Avenue 4", "2012-12-01 12:25:44");
INSERT INTO review VALUES('7', '15.90', "Nice ambient and food!", "xavier@hotmail.com", "Dozo Restaurant", "491 River Valley Road", "2012-12-01 13:38:44");
INSERT INTO review VALUES('8', '14.50', "Excellent service and food!", "xavier@hotmail.com", "Sakae Sushi", "302 Tiong Bahru Road", "2012-11-12 02:39:46");
INSERT INTO review VALUES('7', '23.90', "I will definitely come here again!", "xavier@hotmail.com", "Sakae Sushi", "60 Airport Boulevard", "2012-11-17 13:23:47");




INSERT INTO manage VALUES("xavier@hotmail.com", "MacDonald", "Kent Ridge Hill", '0');